[{
    "data": [{
            "id": 1,
            "name": "science",
            "label": "Science",
            "image_label": "Rise and Fall of T-Rex",
            "image_url": "https://cdn.curiositystream.com/system/Category/images/000/000/001/medium/Science-T-Rex-460x460.jpg",
            "header_url": "https://cdn.curiositystream.com/system/Category/headers/000/000/001/medium/Science-1440x340.jpg",
            "background_url": "https://cdn.curiositystream.com/system/Category/backgrounds/000/000/001/medium/Science-1920x1080.jpg",
            "subcategories": [{
                    "id": 37,
                    "name": "physics",
                    "label": "Physics",
                    "image_label": "",
                    "image_url": "https://cdn.curiositystream.com/system/Category/images/000/000/037/medium/Physics-460x460.jpg",
                    "header_url": "https://cdn.curiositystream.com/missing.png",
                    "background_url": "https://cdn.curiositystream.com/missing.png"
                },
                {
                    "id": 38,
                    "name": "space",
                    "label": "Space",
                    "image_label": "",
                    "image_url": "https://cdn.curiositystream.com/system/Category/images/000/000/038/medium/Space-460x460.jpg",
                    "header_url": "https://cdn.curiositystream.com/missing.png",
                    "background_url": "https://cdn.curiositystream.com/missing.png"
                },
                {
                    "id": 40,
                    "name": "mind",
                    "label": "Mind",
                    "image_label": "",
                    "image_url": "https://cdn.curiositystream.com/system/Category/images/000/000/040/medium/Mind-460x460.jpg",
                    "header_url": "https://cdn.curiositystream.com/missing.png",
                    "background_url": "https://cdn.curiositystream.com/missing.png"
                },
                {
                    "id": 41,
                    "name": "biology",
                    "label": "Biology",
                    "image_label": "",
                    "image_url": "https://cdn.curiositystream.com/system/Category/images/000/000/041/medium/Biology-460x460.jpg",
                    "header_url": "https://cdn.curiositystream.com/missing.png",
                    "background_url": "https://cdn.curiositystream.com/missing.png"
                },
                {
                    "id": 42,
                    "name": "genetics",
                    "label": "Genetics",
                    "image_label": "",
                    "image_url": "https://cdn.curiositystream.com/system/Category/images/000/000/042/medium/Genetics-460x460.jpg",
                    "header_url": "https://cdn.curiositystream.com/missing.png",
                    "background_url": "https://cdn.curiositystream.com/missing.png"
                },
                {
                    "id": 44,
                    "name": "medicine",
                    "label": "Medicine",
                    "image_label": "",
                    "image_url": "https://cdn.curiositystream.com/system/Category/images/000/000/044/medium/Medicine-460x460.jpg",
                    "header_url": "https://cdn.curiositystream.com/missing.png",
                    "background_url": "https://cdn.curiositystream.com/missing.png"
                },
                {
                    "id": 94,
                    "name": "evolution",
                    "label": "Evolution",
                    "image_label": "",
                    "image_url": "https://cdn.curiositystream.com//home/ubuntu/releases/3.154.6-20201127200822/public/images/medium/missing.png",
                    "header_url": "https://cdn.curiositystream.com/missing.png",
                    "background_url": "https://cdn.curiositystream.com/missing.png"
                },
                {
                    "id": 95,
                    "name": "geology",
                    "label": "Geology",
                    "image_label": "",
                    "image_url": "https://cdn.curiositystream.com//home/ubuntu/releases/3.154.6-20201127200822/public/images/medium/missing.png",
                    "header_url": "https://cdn.curiositystream.com/missing.png",
                    "background_url": "https://cdn.curiositystream.com/missing.png"
                },
                {
                    "id": 112,
                    "name": "psychology",
                    "label": "Psychology",
                    "image_label": "",
                    "image_url": "https://cdn.curiositystream.com//home/ubuntu/releases/3.154.6-20201127200822/public/images/medium/missing.png",
                    "header_url": "https://cdn.curiositystream.com/missing.png",
                    "background_url": "https://cdn.curiositystream.com/missing.png"
                }
            ]
        },
        {
            "id": 5,
            "name": "history",
            "label": "History",
            "image_label": "JFK: Fact and Fable",
            "image_url": "https://cdn.curiositystream.com/system/Category/images/000/000/005/medium/History-jfk-460x460.jpg",
            "header_url": "https://cdn.curiositystream.com/system/Category/headers/000/000/005/medium/History-1440x340.jpg",
            "background_url": "https://cdn.curiositystream.com/system/Category/backgrounds/000/000/005/medium/History-1920x1080.jpg",
            "subcategories": [{
                    "id": 96,
                    "name": "prehistory",
                    "label": "Prehistory",
                    "image_label": "",
                    "image_url": "https://cdn.curiositystream.com//home/ubuntu/releases/3.154.6-20201127200822/public/images/medium/missing.png",
                    "header_url": "https://cdn.curiositystream.com/missing.png",
                    "background_url": "https://cdn.curiositystream.com/missing.png"
                },
                {
                    "id": 97,
                    "name": "ancient",
                    "label": "Ancient",
                    "image_label": "",
                    "image_url": "https://cdn.curiositystream.com//home/ubuntu/releases/3.154.6-20201127200822/public/images/medium/missing.png",
                    "header_url": "https://cdn.curiositystream.com/missing.png",
                    "background_url": "https://cdn.curiositystream.com/missing.png"
                },
                {
                    "id": 98,
                    "name": "medieval",
                    "label": "Medieval",
                    "image_label": "",
                    "image_url": "https://cdn.curiositystream.com//home/ubuntu/releases/3.154.6-20201127200822/public/images/medium/missing.png",
                    "header_url": "https://cdn.curiositystream.com/missing.png",
                    "background_url": "https://cdn.curiositystream.com/missing.png"
                },
                {
                    "id": 99,
                    "name": "modern",
                    "label": "Modern",
                    "image_label": "",
                    "image_url": "https://cdn.curiositystream.com//home/ubuntu/releases/3.154.6-20201127200822/public/images/medium/missing.png",
                    "header_url": "https://cdn.curiositystream.com/missing.png",
                    "background_url": "https://cdn.curiositystream.com/missing.png"
                },
                {
                    "id": 100,
                    "name": "aviation",
                    "label": "Aviation",
                    "image_label": "",
                    "image_url": "https://cdn.curiositystream.com//home/ubuntu/releases/3.154.6-20201127200822/public/images/medium/missing.png",
                    "header_url": "https://cdn.curiositystream.com/missing.png",
                    "background_url": "https://cdn.curiositystream.com/missing.png"
                },
                {
                    "id": 101,
                    "name": "biographies",
                    "label": "Biographies",
                    "image_label": "",
                    "image_url": "https://cdn.curiositystream.com//home/ubuntu/releases/3.154.6-20201127200822/public/images/medium/missing.png",
                    "header_url": "https://cdn.curiositystream.com/missing.png",
                    "background_url": "https://cdn.curiositystream.com/missing.png"
                },
                {
                    "id": 102,
                    "name": "megastructures",
                    "label": "Megastructures",
                    "image_label": "",
                    "image_url": "https://cdn.curiositystream.com//home/ubuntu/releases/3.154.6-20201127200822/public/images/medium/missing.png",
                    "header_url": "https://cdn.curiositystream.com/missing.png",
                    "background_url": "https://cdn.curiositystream.com/missing.png"
                },
                {
                    "id": 103,
                    "name": "military",
                    "label": "Military",
                    "image_label": "",
                    "image_url": "https://cdn.curiositystream.com//home/ubuntu/releases/3.154.6-20201127200822/public/images/medium/missing.png",
                    "header_url": "https://cdn.curiositystream.com/missing.png",
                    "background_url": "https://cdn.curiositystream.com/missing.png"
                }
            ]
        },
        {
            "id": 6,
            "name": "technology",
            "label": "Technology",
            "image_label": "The Human Face of Big Data",
            "image_url": "https://cdn.curiositystream.com/system/Category/images/000/000/006/medium/Technology-humanface-460x460.jpg",
            "header_url": "https://cdn.curiositystream.com/system/Category/headers/000/000/006/medium/Technology-1440x340.jpg",
            "background_url": "https://cdn.curiositystream.com/system/Category/backgrounds/000/000/006/medium/Technology-1920x1080.jpg",
            "subcategories": [{
                    "id": 45,
                    "name": "energy",
                    "label": "Energy",
                    "image_label": "",
                    "image_url": "https://cdn.curiositystream.com/system/Category/images/000/000/045/medium/Energy-460x460.jpg",
                    "header_url": "https://cdn.curiositystream.com/missing.png",
                    "background_url": "https://cdn.curiositystream.com/missing.png"
                },
                {
                    "id": 47,
                    "name": "engineering",
                    "label": "Engineering",
                    "image_label": "",
                    "image_url": "https://cdn.curiositystream.com/system/Category/images/000/000/047/medium/Engineering-460x460.jpg",
                    "header_url": "https://cdn.curiositystream.com/missing.png",
                    "background_url": "https://cdn.curiositystream.com/missing.png"
                },
                {
                    "id": 48,
                    "name": "transportation",
                    "label": "Transportation",
                    "image_label": "",
                    "image_url": "https://cdn.curiositystream.com/system/Category/images/000/000/048/medium/Transportation-460x460.jpg",
                    "header_url": "https://cdn.curiositystream.com/missing.png",
                    "background_url": "https://cdn.curiositystream.com/missing.png"
                },
                {
                    "id": 49,
                    "name": "communications",
                    "label": "Communications",
                    "image_label": "",
                    "image_url": "https://cdn.curiositystream.com/system/Category/images/000/000/049/medium/Communications-460x460.jpg",
                    "header_url": "https://cdn.curiositystream.com/missing.png",
                    "background_url": "https://cdn.curiositystream.com/missing.png"
                },
                {
                    "id": 50,
                    "name": "nanotechnology",
                    "label": "Nanotechnology",
                    "image_label": "",
                    "image_url": "https://cdn.curiositystream.com/system/Category/images/000/000/050/medium/Nanotechnology-460x460.jpg",
                    "header_url": "https://cdn.curiositystream.com/missing.png",
                    "background_url": "https://cdn.curiositystream.com/missing.png"
                },
                {
                    "id": 69,
                    "name": "artificial_intelligence",
                    "label": "Artificial Intelligence",
                    "image_label": "",
                    "image_url": "https://cdn.curiositystream.com/system/Category/images/000/000/069/medium/ArtificialIntelligence-460x460.jpg",
                    "header_url": "https://cdn.curiositystream.com/missing.png",
                    "background_url": "https://cdn.curiositystream.com/missing.png"
                },
                {
                    "id": 71,
                    "name": "privacy_and_security",
                    "label": "Privacy & Security",
                    "image_label": "",
                    "image_url": "https://cdn.curiositystream.com/system/Category/images/000/000/071/medium/Privacy_Security-460x460.jpg",
                    "header_url": "https://cdn.curiositystream.com/missing.png",
                    "background_url": "https://cdn.curiositystream.com/missing.png"
                },
                {
                    "id": 72,
                    "name": "social_web",
                    "label": "Social Web",
                    "image_label": "",
                    "image_url": "https://cdn.curiositystream.com/system/Category/images/000/000/072/medium/SocialWeb-460x460.jpg",
                    "header_url": "https://cdn.curiositystream.com/missing.png",
                    "background_url": "https://cdn.curiositystream.com/missing.png"
                }
            ]
        },
        {
            "id": 7,
            "name": "nature",
            "label": "Nature",
            "image_label": "Wild Galapagos",
            "image_url": "https://cdn.curiositystream.com/system/Category/images/000/000/007/medium/Nature-galapagos-460x460.jpg",
            "header_url": "https://cdn.curiositystream.com/system/Category/headers/000/000/007/medium/Nature-1440x340.jpg",
            "background_url": "https://cdn.curiositystream.com/system/Category/backgrounds/000/000/007/medium/Nature-1920x1080.jpg",
            "subcategories": [{
                    "id": 39,
                    "name": "earth",
                    "label": "Earth",
                    "image_label": "",
                    "image_url": "https://cdn.curiositystream.com/system/Category/images/000/000/039/medium/Earth-460x460.jpg",
                    "header_url": "https://cdn.curiositystream.com/missing.png",
                    "background_url": "https://cdn.curiositystream.com/missing.png"
                },
                {
                    "id": 105,
                    "name": "animals",
                    "label": "Animals",
                    "image_label": "",
                    "image_url": "https://cdn.curiositystream.com//home/ubuntu/releases/3.154.6-20201127200822/public/images/medium/missing.png",
                    "header_url": "https://cdn.curiositystream.com/missing.png",
                    "background_url": "https://cdn.curiositystream.com/missing.png"
                },
                {
                    "id": 106,
                    "name": "birds",
                    "label": "Birds",
                    "image_label": "",
                    "image_url": "https://cdn.curiositystream.com//home/ubuntu/releases/3.154.6-20201127200822/public/images/medium/missing.png",
                    "header_url": "https://cdn.curiositystream.com/missing.png",
                    "background_url": "https://cdn.curiositystream.com/missing.png"
                },
                {
                    "id": 107,
                    "name": "insects",
                    "label": "Insects",
                    "image_label": "",
                    "image_url": "https://cdn.curiositystream.com//home/ubuntu/releases/3.154.6-20201127200822/public/images/medium/missing.png",
                    "header_url": "https://cdn.curiositystream.com/missing.png",
                    "background_url": "https://cdn.curiositystream.com/missing.png"
                },
                {
                    "id": 108,
                    "name": "natural-habitats",
                    "label": "Natural Habitats",
                    "image_label": "",
                    "image_url": "https://cdn.curiositystream.com//home/ubuntu/releases/3.154.6-20201127200822/public/images/medium/missing.png",
                    "header_url": "https://cdn.curiositystream.com/missing.png",
                    "background_url": "https://cdn.curiositystream.com/missing.png"
                },
                {
                    "id": 109,
                    "name": "prehistoric-creatures",
                    "label": "Prehistoric Creatures",
                    "image_label": "",
                    "image_url": "https://cdn.curiositystream.com//home/ubuntu/releases/3.154.6-20201127200822/public/images/medium/missing.png",
                    "header_url": "https://cdn.curiositystream.com/missing.png",
                    "background_url": "https://cdn.curiositystream.com/missing.png"
                },
                {
                    "id": 110,
                    "name": "oceans",
                    "label": "Oceans",
                    "image_label": "",
                    "image_url": "https://cdn.curiositystream.com//home/ubuntu/releases/3.154.6-20201127200822/public/images/medium/missing.png",
                    "header_url": "https://cdn.curiositystream.com/missing.png",
                    "background_url": "https://cdn.curiositystream.com/missing.png"
                },
                {
                    "id": 111,
                    "name": "plants",
                    "label": "Plants",
                    "image_label": "",
                    "image_url": "https://cdn.curiositystream.com//home/ubuntu/releases/3.154.6-20201127200822/public/images/medium/missing.png",
                    "header_url": "https://cdn.curiositystream.com/missing.png",
                    "background_url": "https://cdn.curiositystream.com/missing.png"
                }
            ]
        },
        {
            "id": 8,
            "name": "society",
            "label": "Society",
            "image_label": "Sacred Spaces",
            "image_url": "https://cdn.curiositystream.com/system/Category/images/000/000/008/medium/Society-sacred-460x460.jpg",
            "header_url": "https://cdn.curiositystream.com/system/Category/headers/000/000/008/medium/Society-1440x340.jpg",
            "background_url": "https://cdn.curiositystream.com/system/Category/backgrounds/000/000/008/medium/Society-1920x1080.jpg",
            "subcategories": [{
                    "id": 54,
                    "name": "entrepreneurship",
                    "label": "Entrepreneurship",
                    "image_label": "",
                    "image_url": "https://cdn.curiositystream.com/system/Category/images/000/000/054/medium/Entrepeneurship-460x460.jpg",
                    "header_url": "https://cdn.curiositystream.com/missing.png",
                    "background_url": "https://cdn.curiositystream.com/missing.png"
                },
                {
                    "id": 55,
                    "name": "social-issues",
                    "label": "Social Issues",
                    "image_label": "",
                    "image_url": "https://cdn.curiositystream.com/system/Category/images/000/000/055/medium/Society-460x460.jpg",
                    "header_url": "https://cdn.curiositystream.com/missing.png",
                    "background_url": "https://cdn.curiositystream.com/missing.png"
                },
                {
                    "id": 56,
                    "name": "politics",
                    "label": "Politics",
                    "image_label": "",
                    "image_url": "https://cdn.curiositystream.com/system/Category/images/000/000/056/medium/Politics-460x460.jpg",
                    "header_url": "https://cdn.curiositystream.com/missing.png",
                    "background_url": "https://cdn.curiositystream.com/missing.png"
                },
                {
                    "id": 57,
                    "name": "crime-forensics",
                    "label": "Crime & Forensics",
                    "image_label": "",
                    "image_url": "https://cdn.curiositystream.com/system/Category/images/000/000/057/medium/Conflict-460x460.jpg",
                    "header_url": "https://cdn.curiositystream.com/missing.png",
                    "background_url": "https://cdn.curiositystream.com/missing.png"
                },
                {
                    "id": 58,
                    "name": "economics",
                    "label": "Economics",
                    "image_label": "",
                    "image_url": "https://cdn.curiositystream.com/system/Category/images/000/000/058/medium/Economics-460x460.jpg",
                    "header_url": "https://cdn.curiositystream.com/missing.png",
                    "background_url": "https://cdn.curiositystream.com/missing.png"
                },
                {
                    "id": 59,
                    "name": "business-commerce",
                    "label": "Business & Commerce",
                    "image_label": "",
                    "image_url": "https://cdn.curiositystream.com/system/Category/images/000/000/059/medium/Business-460x460.jpg",
                    "header_url": "https://cdn.curiositystream.com/missing.png",
                    "background_url": "https://cdn.curiositystream.com/missing.png"
                },
                {
                    "id": 60,
                    "name": "democracy",
                    "label": "Democracy",
                    "image_label": "",
                    "image_url": "https://cdn.curiositystream.com/system/Category/images/000/000/060/medium/Democracy-460x460.jpg",
                    "header_url": "https://cdn.curiositystream.com/missing.png",
                    "background_url": "https://cdn.curiositystream.com/missing.png"
                },
                {
                    "id": 61,
                    "name": "current-events",
                    "label": "Current Events",
                    "image_label": "",
                    "image_url": "https://cdn.curiositystream.com/system/Category/images/000/000/061/medium/Art-460x460.jpg",
                    "header_url": "https://cdn.curiositystream.com/missing.png",
                    "background_url": "https://cdn.curiositystream.com/missing.png"
                }
            ]
        },
        {
            "id": 9,
            "name": "lifestyle",
            "label": "Lifestyle",
            "image_label": "The History of Food",
            "image_url": "https://cdn.curiositystream.com/system/Category/images/000/000/009/medium/Lifestyle-historyoffood-460x460.jpg",
            "header_url": "https://cdn.curiositystream.com/system/Category/headers/000/000/009/medium/Lifestyle-1440x340.jpg",
            "background_url": "https://cdn.curiositystream.com/system/Category/backgrounds/000/000/009/medium/Lifestyle-1920x1080.jpg",
            "subcategories": [{
                    "id": 62,
                    "name": "food",
                    "label": "Food",
                    "image_label": "",
                    "image_url": "https://cdn.curiositystream.com/system/Category/images/000/000/062/medium/Music-460x460.jpg",
                    "header_url": "https://cdn.curiositystream.com/missing.png",
                    "background_url": "https://cdn.curiositystream.com/missing.png"
                },
                {
                    "id": 63,
                    "name": "collecting",
                    "label": "Collecting",
                    "image_label": "",
                    "image_url": "https://cdn.curiositystream.com/system/Category/images/000/000/063/medium/Literature-460x460.jpg",
                    "header_url": "https://cdn.curiositystream.com/missing.png",
                    "background_url": "https://cdn.curiositystream.com/missing.png"
                },
                {
                    "id": 64,
                    "name": "performing-arts",
                    "label": "Performing Arts",
                    "image_label": "",
                    "image_url": "https://cdn.curiositystream.com/system/Category/images/000/000/064/medium/Dramatic_PerformingArts-460x460.jpg",
                    "header_url": "https://cdn.curiositystream.com/missing.png",
                    "background_url": "https://cdn.curiositystream.com/missing.png"
                },
                {
                    "id": 67,
                    "name": "creativity",
                    "label": "Creativity",
                    "image_label": "",
                    "image_url": "https://cdn.curiositystream.com/system/Category/images/000/000/067/medium/Creativity-460x460.jpg",
                    "header_url": "https://cdn.curiositystream.com/missing.png",
                    "background_url": "https://cdn.curiositystream.com/missing.png"
                },
                {
                    "id": 68,
                    "name": "home-projects",
                    "label": "Home Projects",
                    "image_label": "",
                    "image_url": "https://cdn.curiositystream.com/system/Category/images/000/000/068/medium/Character_Values-460x460.jpg",
                    "header_url": "https://cdn.curiositystream.com/missing.png",
                    "background_url": "https://cdn.curiositystream.com/missing.png"
                },
                {
                    "id": 73,
                    "name": "philosophy",
                    "label": "Philosophy",
                    "image_label": "",
                    "image_url": "https://cdn.curiositystream.com/system/Category/images/000/000/073/medium/Philosophy-460x460.jpg",
                    "header_url": "https://cdn.curiositystream.com/missing.png",
                    "background_url": "https://cdn.curiositystream.com/missing.png"
                },
                {
                    "id": 74,
                    "name": "health_and_wellness",
                    "label": "Health & Wellness",
                    "image_label": "",
                    "image_url": "https://cdn.curiositystream.com/system/Category/images/000/000/074/medium/Health_Wellness-460x460.jpg",
                    "header_url": "https://cdn.curiositystream.com/missing.png",
                    "background_url": "https://cdn.curiositystream.com/missing.png"
                },
                {
                    "id": 104,
                    "name": "travel",
                    "label": "Travel",
                    "image_label": "",
                    "image_url": "https://cdn.curiositystream.com//home/ubuntu/releases/3.154.6-20201127200822/public/images/medium/missing.png",
                    "header_url": "https://cdn.curiositystream.com/missing.png",
                    "background_url": "https://cdn.curiositystream.com/missing.png"
                }
            ]
        },
        {
            "id": 113,
            "name": "kids",
            "label": "Kids",
            "image_label": "Children of the Wild",
            "image_url": "https://cdn.curiositystream.com/system/Category/images/000/000/113/medium/kids_childrenofthewild_460x460.jpg",
            "header_url": "https://cdn.curiositystream.com/missing.png",
            "background_url": "https://cdn.curiositystream.com/system/Category/backgrounds/000/000/113/medium/JustForKids-1920x1080-bg.jpg",
            "subcategories": [{
                    "id": 114,
                    "name": "kids-steam",
                    "label": "STEAM",
                    "image_label": "",
                    "image_url": "https://cdn.curiositystream.com//home/ubuntu/releases/3.154.6-20201127200822/public/images/medium/missing.png",
                    "header_url": "https://cdn.curiositystream.com/missing.png",
                    "background_url": "https://cdn.curiositystream.com/missing.png"
                },
                {
                    "id": 115,
                    "name": "kids-history",
                    "label": "History",
                    "image_label": "",
                    "image_url": "https://cdn.curiositystream.com//home/ubuntu/releases/3.154.6-20201127200822/public/images/medium/missing.png",
                    "header_url": "https://cdn.curiositystream.com/missing.png",
                    "background_url": "https://cdn.curiositystream.com/missing.png"
                },
                {
                    "id": 116,
                    "name": "kids-space",
                    "label": "Space Exploration",
                    "image_label": "",
                    "image_url": "https://cdn.curiositystream.com//home/ubuntu/releases/3.154.6-20201127200822/public/images/medium/missing.png",
                    "header_url": "https://cdn.curiositystream.com/missing.png",
                    "background_url": "https://cdn.curiositystream.com/missing.png"
                },
                {
                    "id": 117,
                    "name": "kids-nature",
                    "label": "Nature",
                    "image_label": "",
                    "image_url": "https://cdn.curiositystream.com//home/ubuntu/releases/3.154.6-20201127200822/public/images/medium/missing.png",
                    "header_url": "https://cdn.curiositystream.com/missing.png",
                    "background_url": "https://cdn.curiositystream.com/missing.png"
                },
                {
                    "id": 118,
                    "name": "kids-prehistoric",
                    "label": "Dinosaurs",
                    "image_label": "",
                    "image_url": "https://cdn.curiositystream.com//home/ubuntu/releases/3.154.6-20201127200822/public/images/medium/missing.png",
                    "header_url": "https://cdn.curiositystream.com/missing.png",
                    "background_url": "https://cdn.curiositystream.com/missing.png"
                },
                {
                    "id": 119,
                    "name": "kids-current-events",
                    "label": "Current Events",
                    "image_label": "",
                    "image_url": "https://cdn.curiositystream.com//home/ubuntu/releases/3.154.6-20201127200822/public/images/medium/missing.png",
                    "header_url": "https://cdn.curiositystream.com/missing.png",
                    "background_url": "https://cdn.curiositystream.com/missing.png"
                }
            ]
        }
    ]
}]